gene_id;locus;alleles;markerID;annotation
ENSG00000189409;chr1:1632219;"[""A"",""G""]";chr1:1632219_A/G;0
ENSG00000189409;chr1:1632221;"[""G"",""A""]";chr1:1632221_G/A;0
ENSG00000189409;chr1:1632223;"[""G"",""A""]";chr1:1632223_G/A;0
ENSG00000189409;chr1:1632225;"[""C"",""T""]";chr1:1632225_C/T;0
ENSG00000189409;chr1:1632226;"[""G"",""T""]";chr1:1632226_G/T;0
ENSG00000189409;chr1:1632227;"[""C"",""A""]";chr1:1632227_C/A;2
ENSG00000189409;chr1:1632227;"[""C"",""T""]";chr1:1632227_C/T;2
ENSG00000189409;chr1:1632228;"[""G"",""A""]";chr1:1632228_G/A;0
ENSG00000189409;chr1:1632228;"[""G"",""C""]";chr1:1632228_G/C;0
ENSG00000189409;chr1:1632229;"[""G"",""A""]";chr1:1632229_G/A;0
ENSG00000189409;chr1:1632232;"[""C"",""A""]";chr1:1632232_C/A;0
ENSG00000189409;chr1:1632234;"[""C"",""G""]";chr1:1632234_C/G;0
ENSG00000189409;chr1:1632234;"[""C"",""T""]";chr1:1632234_C/T;0
ENSG00000189409;chr1:1632235;"[""G"",""A""]";chr1:1632235_G/A;0
ENSG00000189409;chr1:1632235;"[""G"",""C""]";chr1:1632235_G/C;0
ENSG00000189409;chr1:1632236;"[""T"",""C""]";chr1:1632236_T/C;2
ENSG00000189409;chr1:1632237;"[""G"",""A""]";chr1:1632237_G/A;0
ENSG00000189409;chr1:1632237;"[""G"",""T""]";chr1:1632237_G/T;0
ENSG00000189409;chr1:1632239;"[""C"",""T""]";chr1:1632239_C/T;2
ENSG00000189409;chr1:1632242;"[""CT"",""C""]";chr1:1632242_CT/C;1
ENSG00000189409;chr1:1632243;"[""T"",""A""]";chr1:1632243_T/A;0
ENSG00000189409;chr1:1632244;"[""C"",""A""]";chr1:1632244_C/A;1
ENSG00000189409;chr1:1632245;"[""G"",""C""]";chr1:1632245_G/C;2
ENSG00000189409;chr1:1632254;"[""G"",""A""]";chr1:1632254_G/A;2
ENSG00000189409;chr1:1632260;"[""A"",""C""]";chr1:1632260_A/C;2
ENSG00000189409;chr1:1632263;"[""C"",""T""]";chr1:1632263_C/T;2
ENSG00000189409;chr1:1632264;"[""G"",""A""]";chr1:1632264_G/A;0
ENSG00000189409;chr1:1632267;"[""G"",""A""]";chr1:1632267_G/A;0
ENSG00000189409;chr1:1632270;"[""C"",""G""]";chr1:1632270_C/G;0
ENSG00000189409;chr1:1632270;"[""C"",""T""]";chr1:1632270_C/T;0
ENSG00000189409;chr1:1632272;"[""C"",""T""]";chr1:1632272_C/T;2
ENSG00000189409;chr1:1632275;"[""C"",""T""]";chr1:1632275_C/T;2
ENSG00000189409;chr1:1632278;"[""G"",""T""]";chr1:1632278_G/T;0
ENSG00000189409;chr1:1632283;"[""G"",""A""]";chr1:1632283_G/A;0
ENSG00000189409;chr1:1632283;"[""G"",""C""]";chr1:1632283_G/C;0
ENSG00000189409;chr1:1632285;"[""G"",""A""]";chr1:1632285_G/A;0
ENSG00000189409;chr1:1632285;"[""G"",""GCCGCGCTGGTCGCCCTGTGCCTCCTCC""]";chr1:1632285_G/GCCGCGCTGGTCGCCCTGTGCCTCCTCC;0
ENSG00000189409;chr1:1632285;"[""GCCGCGCTGGTCGCCCTGTGCCTCCTCC"",""G""]";chr1:1632285_GCCGCGCTGGTCGCCCTGTGCCTCCTCC/G;0
ENSG00000189409;chr1:1632288;"[""G"",""A""]";chr1:1632288_G/A;0
ENSG00000189409;chr1:1632297;"[""G"",""A""]";chr1:1632297_G/A;0
ENSG00000189409;chr1:1632297;"[""G"",""C""]";chr1:1632297_G/C;0
ENSG00000189409;chr1:1632300;"[""C"",""T""]";chr1:1632300_C/T;2
ENSG00000189409;chr1:1632301;"[""T"",""G""]";chr1:1632301_T/G;0
ENSG00000189409;chr1:1632304;"[""G"",""T""]";chr1:1632304_G/T;0
ENSG00000189409;chr1:1632305;"[""CCT"",""C""]";chr1:1632305_CCT/C;1
ENSG00000189409;chr1:1632306;"[""C"",""G""]";chr1:1632306_C/G;0
ENSG00000189409;chr1:1632307;"[""T"",""G""]";chr1:1632307_T/G;0
ENSG00000189409;chr1:1632308;"[""C"",""T""]";chr1:1632308_C/T;2
ENSG00000189409;chr1:1632313;"[""C"",""G""]";chr1:1632313_C/G;0
ENSG00000189409;chr1:1632314;"[""C"",""G""]";chr1:1632314_C/G;2
ENSG00000189409;chr1:1632317;"[""G"",""A""]";chr1:1632317_G/A;2
ENSG00000189409;chr1:1632317;"[""G"",""C""]";chr1:1632317_G/C;2
ENSG00000189409;chr1:1632321;"[""G"",""A""]";chr1:1632321_G/A;0
ENSG00000189409;chr1:1632321;"[""G"",""C""]";chr1:1632321_G/C;0
ENSG00000189409;chr1:1632323;"[""G"",""A""]";chr1:1632323_G/A;2
ENSG00000189409;chr1:1632324;"[""C"",""G""]";chr1:1632324_C/G;0
ENSG00000189409;chr1:1632325;"[""T"",""A""]";chr1:1632325_T/A;0
ENSG00000189409;chr1:1632326;"[""G"",""A""]";chr1:1632326_G/A;2
ENSG00000189409;chr1:1632327;"[""C"",""G""]";chr1:1632327_C/G;0
ENSG00000189409;chr1:1632328;"[""T"",""C""]";chr1:1632328_T/C;0
ENSG00000189409;chr1:1632331;"[""C"",""T""]";chr1:1632331_C/T;0
ENSG00000189409;chr1:1632333;"[""C"",""T""]";chr1:1632333_C/T;0
ENSG00000189409;chr1:1632339;"[""G"",""C""]";chr1:1632339_G/C;0
ENSG00000189409;chr1:1632341;"[""G"",""T""]";chr1:1632341_G/T;2
ENSG00000189409;chr1:1632342;"[""G"",""A""]";chr1:1632342_G/A;0
ENSG00000189409;chr1:1632342;"[""G"",""T""]";chr1:1632342_G/T;0
ENSG00000189409;chr1:1632343;"[""C"",""A""]";chr1:1632343_C/A;0
ENSG00000189409;chr1:1632345;"[""C"",""A""]";chr1:1632345_C/A;0
ENSG00000189409;chr1:1632347;"[""G"",""A""]";chr1:1632347_G/A;2
ENSG00000189409;chr1:1632347;"[""G"",""T""]";chr1:1632347_G/T;2
ENSG00000189409;chr1:1632348;"[""G"",""A""]";chr1:1632348_G/A;0
ENSG00000189409;chr1:1632349;"[""C"",""A""]";chr1:1632349_C/A;0
ENSG00000189409;chr1:1632353;"[""G"",""A""]";chr1:1632353_G/A;2
ENSG00000189409;chr1:1632355;"[""C"",""T""]";chr1:1632355_C/T;0
ENSG00000189409;chr1:1632356;"[""G"",""A""]";chr1:1632356_G/A;2
ENSG00000189409;chr1:1632356;"[""G"",""C""]";chr1:1632356_G/C;2
ENSG00000189409;chr1:1632359;"[""C"",""G""]";chr1:1632359_C/G;2
ENSG00000189409;chr1:1632360;"[""T"",""C""]";chr1:1632360_T/C;0
ENSG00000189409;chr1:1632363;"[""A"",""C""]";chr1:1632363_A/C;0
ENSG00000189409;chr1:1632365;"[""C"",""G""]";chr1:1632365_C/G;0
ENSG00000189409;chr1:1632367;"[""C"",""A""]";chr1:1632367_C/A;0
ENSG00000189409;chr1:1632367;"[""C"",""T""]";chr1:1632367_C/T;0
ENSG00000189409;chr1:1632368;"[""A"",""C""]";chr1:1632368_A/C;2
ENSG00000189409;chr1:1632368;"[""A"",""G""]";chr1:1632368_A/G;2
ENSG00000189409;chr1:1632370;"[""C"",""G""]";chr1:1632370_C/G;0
ENSG00000189409;chr1:1632371;"[""G"",""A""]";chr1:1632371_G/A;2
ENSG00000189409;chr1:1633993;"[""C"",""T""]";chr1:1633993_C/T;2
ENSG00000189409;chr1:1633996;"[""C"",""A""]";chr1:1633996_C/A;2
ENSG00000189409;chr1:1633996;"[""C"",""G""]";chr1:1633996_C/G;2
ENSG00000189409;chr1:1633996;"[""C"",""T""]";chr1:1633996_C/T;2
ENSG00000189409;chr1:1633999;"[""C"",""T""]";chr1:1633999_C/T;2
ENSG00000189409;chr1:1634002;"[""G"",""T""]";chr1:1634002_G/T;0
ENSG00000189409;chr1:1634003;"[""C"",""T""]";chr1:1634003_C/T;2
ENSG00000189409;chr1:1634005;"[""G"",""C""]";chr1:1634005_G/C;2
ENSG00000189409;chr1:1634008;"[""C"",""G""]";chr1:1634008_C/G;0
ENSG00000189409;chr1:1634009;"[""G"",""A""]";chr1:1634009_G/A;0
ENSG00000189409;chr1:1634009;"[""G"",""C""]";chr1:1634009_G/C;0
ENSG00000189409;chr1:1634010;"[""T"",""C""]";chr1:1634010_T/C;0
ENSG00000189409;chr1:1634011;"[""G"",""T""]";chr1:1634011_G/T;2
ENSG00000189409;chr1:1634017;"[""G"",""A""]";chr1:1634017_G/A;2
ENSG00000189409;chr1:1634021;"[""T"",""TC""]";chr1:1634021_T/TC;1
ENSG00000189409;chr1:1634022;"[""G"",""C""]";chr1:1634022_G/C;0
ENSG00000189409;chr1:1634023;"[""G"",""T""]";chr1:1634023_G/T;0
ENSG00000189409;chr1:1634026;"[""G"",""A""]";chr1:1634026_G/A;2
ENSG00000189409;chr1:1634026;"[""G"",""C""]";chr1:1634026_G/C;2
ENSG00000189409;chr1:1634026;"[""G"",""T""]";chr1:1634026_G/T;2
ENSG00000189409;chr1:1634028;"[""G"",""A""]";chr1:1634028_G/A;0
ENSG00000189409;chr1:1634028;"[""G"",""C""]";chr1:1634028_G/C;0
ENSG00000189409;chr1:1634033;"[""G"",""A""]";chr1:1634033_G/A;0
ENSG00000189409;chr1:1634451;"[""C"",""A""]";chr1:1634451_C/A;1
ENSG00000189409;chr1:1634453;"[""G"",""A""]";chr1:1634453_G/A;1
ENSG00000189409;chr1:1634453;"[""G"",""C""]";chr1:1634453_G/C;0
